#va	size	idbname	ported	port_syms	attempted	att_syms
0x21c910	0x6c	makeThreadU	-	-	-	-
0x21c980	0x50	sub_21C980	-	-	-	-
0x21c9d0	0x64	sub_21C9D0	REF	menu:-	-	-
0x21ca38	0x39c	sub_21CA38	REF	menu:-	-	-
0x21cdd8	0x68	ThreadU	-	-	-	-
0x21ce40	0x14	sub_21CE40	REF	menu:-	Y	setCamTarget
0x21ce58	0xc8	sub_21CE58	DEFN	menu:InitMenuScene,menuback:InitMenuBackdrop,menuconfig:InitMenuConfig,menu:-,menu:-,menu:-	-	-
0x21cf20	0xac	sub_21CF20	-	-	-	-
0x21cfd0	0x8	nullsub_3	-	-	-	-
0x21cfd8	0xc8	sub_21CFD8	DEFN	menu:MenuCamera	-	-
0x21d0a0	0x154	sub_21D0A0	REF	menu:-,menuback:-	-	-
0x21d1f8	0x170	sub_21D1F8	-	-	-	-
0x21d368	0x38	sub_21D368	REF	menutext:-,menutext:-	Y	drawLetterbox
0x21d3a0	0x1f0	sub_21D3A0	REF	menutext:-,menutext:-	-	-
0x21d590	0x1ac	sub_21D590	DEFN	menutext:DrawIcon	-	-
0x21d740	0x8	sub_21D740	-	-	Y	getButtonOverride
0x21d748	0x8	sub_21D748	REF	menutext:-,menutext:-	Y	setLegendFlagA,setButtonOverride
0x21d750	0x8	sub_21D750	-	-	Y	setLegendFlagB,setButtonOverrideAlpha
0x21d758	0xc	sub_21D758	REF	menutext:-	Y	setLegendArrows,setButtonOverrideExtra
0x21d768	0x90	sub_21D768	REF	menutext:-	-	-
0x21d7f8	0x1e8	sub_21D7F8	DEFN	menutext:DrawHintSet	-	-
0x21d9e0	0x88	sub_21D9E0	DEFN	menutext:HintBarY	-	-
0x21da68	0xb0	sub_21DA68	REF	menutext:-,menutext:-	-	-
0x21db18	0x84	sub_21DB18	-	-	Y	drawEdgeStrip
0x21dba0	0x88	sub_21DBA0	-	-	-	-
0x21dc28	0x5c	sub_21DC28	-	-	Y	drawTextL
0x21dc88	0xa0	sub_21DC88	-	-	Y	drawTextC
0x21dd28	0x94	sub_21DD28	-	-	Y	drawTextR
0x21ddc0	0x168	sub_21DDC0	-	-	-	-
0x21df28	0xcc	(ida-missed)	-	-	-	-
0x21dff8	0x354	sub_21DFF8	REF	menutext:-	-	-
0x21e350	0x5c	(ida-missed)	REF	menutext:-	-	-
0x21e3b0	0x8	sub_21E3B0	-	-	-	-
0x21e3b8	0x4b4	sub_21E3B8	-	-	-	-
0x21e870	0x1ac	sub_21E870	-	-	-	-
0x21ea20	0x1e8	(ida-missed)	-	-	-	-
0x21ec08	0x90	(ida-missed)	-	-	-	-
0x21ec98	0x40	(ida-missed)	-	-	-	-
0x21ecd8	0x40	(ida-missed)	-	-	-	-
0x21ed18	0x9c	sub_21ED18	-	-	-	-
0x21edb8	0x94	sub_21EDB8	-	-	-	-
0x21ee50	0x28	(ida-missed)	-	-	-	-
0x21ee78	0x88	(ida-missed)	REF	menutext:-,menutext:-	-	-
0x21ef00	0x180	sub_21EF00	-	-	-	-
0x21f080	0xd0	(ida-missed)	-	-	-	-
0x21f150	0xc	(ida-missed)	-	-	-	-
0x21f160	0x4	(ida-missed)	-	-	-	-
0x21f168	0x240	(ida-missed)	-	-	-	-
0x21f3a8	0x5cc	sub_21F3A8	-	-	-	-
0x21f978	0x8	sub_21F978	-	-	-	-
0x21f980	0x24	sub_21F980	-	-	Y	popupScaled
0x21f9a8	0x70	sub_21F9A8	-	-	-	-
0x21fa18	0x4c	sub_21FA18	-	-	Y	popupClose
0x21fa68	0x64	sub_21FA68	-	-	-	-
0x21fad0	0x4b4	sub_21FAD0	-	-	-	-
0x21ff88	0x18c	sub_21FF88	-	-	-	-
0x220118	0x154	sub_220118	-	-	-	-
0x220270	0x58	(ida-missed)	-	-	-	-
0x2202c8	0x30	sub_2202C8	-	-	-	-
0x2202f8	0x120	(ida-missed)	-	-	-	-
0x220418	0xa0	(ida-missed)	-	-	-	-
0x2204b8	0x188	(ida-missed)	-	-	-	-
0x220640	0x2c	(ida-missed)	-	-	-	-
0x22066c	0x24	(ida-missed)	-	-	-	-
0x220690	0x5c	(ida-missed)	-	-	-	-
0x2206f0	0xa8	(ida-missed)	-	-	-	-
0x220798	0x4	(ida-missed)	-	-	-	-
0x2207a0	0x1b0	sub_2207A0	-	-	-	-
0x220950	0x328	sub_220950	-	-	-	-
0x220c78	0x58	sub_220C78	-	-	-	-
0x220cd0	0x74	sub_220CD0	-	-	-	-
0x220d48	0xb0	sub_220D48	-	-	-	-
0x220df8	0x204	sub_220DF8	-	-	-	-
0x221000	0x60	sub_221000	-	-	-	-
0x221060	0x64	sub_221060	-	-	-	-
0x2210c8	0x8c	sub_2210C8	-	-	-	-
0x221158	0x58	sub_221158	-	-	-	-
0x2211b0	0x80	sub_2211B0	-	-	-	-
0x221230	0x3b0	sub_221230	-	-	-	-
0x2215e0	0x1c4	sub_2215E0	-	-	-	-
0x2217a8	0x30	sub_2217A8	-	-	-	-
0x2217d8	0x124	sub_2217D8	-	-	-	-
0x221900	0x8	sub_221900	-	-	-	-
0x221908	0x8	sub_221908	-	-	Y	getCurPage
0x221910	0xc	(ida-missed)	-	-	-	-
0x221920	0xac	sub_221920	-	-	-	-
0x2219d0	0xc	sub_2219D0	-	-	Y	pageResetScroll
0x2219e0	0x188	sub_2219E0	-	-	-	-
0x221b68	0x8	sub_221B68	-	-	Y	clearCurPage
0x221b70	0x64	sub_221B70	-	-	Y	pageClose
0x221bd8	0x60	sub_221BD8	-	-	Y	pageCursorDown
0x221c38	0x5c	sub_221C38	-	-	Y	pageCursorUp
0x221c98	0x38	sub_221C98	-	-	Y	pageEnter
0x221cd0	0x70	sub_221CD0	-	-	-	-
0x221d40	0x38	sub_221D40	-	-	Y	pageSquare
0x221d78	0x43c	sub_221D78	-	-	-	-
0x2221b8	0x21c	sub_2221B8	-	-	-	-
0x2223d8	0x180	sub_2223D8	-	-	-	-
0x222558	0x160	sub_222558	-	-	-	-
0x2226b8	0xe0	sub_2226B8	-	-	-	-
0x222798	0x44	sub_222798	-	-	Y	pageItemCursorHook
0x2227e0	0x64	sub_2227E0	-	-	-	-
0x222848	0x68	sub_222848	-	-	-	-
0x2228b0	0x40	sub_2228B0	-	-	Y	pageItemChanged
0x2228f0	0x30	sub_2228F0	-	-	Y	pageItemInit
0x222920	0x94	sub_222920	-	-	-	-
0x2229b8	0xa8	sub_2229B8	-	-	-	-
0x222a60	0xe0	sub_222A60	-	-	-	-
0x222b40	0xc8	sub_222B40	-	-	-	-
0x222c08	0xa8	sub_222C08	-	-	-	-
0x222cb0	0x3c4	sub_222CB0	-	-	-	-
0x223078	0x54c	sub_223078	-	-	-	-
0x2235c8	0x88	sub_2235C8	-	-	-	-
0x223650	0x8	sub_223650	-	-	-	-
0x223658	0x24	(ida-missed)	-	-	-	-
0x223680	0x34	sub_223680	-	-	-	-
0x2236b8	0xd4	sub_2236B8	-	-	-	-
0x223790	0xc	sub_223790	-	-	Y	getClockAnim
0x2237a0	0xd4	(ida-missed)	-	-	-	-
0x223878	0xc0	(ida-missed)	-	-	-	-
0x223938	0x150	(ida-missed)	-	-	-	-
0x223a88	0x184	(ida-missed)	-	-	-	-
0x223c10	0x3c4	(ida-missed)	-	-	-	-
0x223fd8	0x144	(ida-missed)	-	-	-	-
0x224120	0x9c	sub_224120	-	-	-	-
0x2241c0	0xc4	sub_2241C0	-	-	-	-
0x224288	0x3a8	sub_224288	-	-	-	-
0x224630	0x734	sub_224630	-	-	-	-
0x224d68	0xc	sub_224D68	-	-	Y	getWizardAnim
0x224d78	0x274	(ida-missed)	-	-	-	-
0x224ff0	0x44	(ida-missed)	-	-	-	-
0x225038	0x2d4	loadImage_Resource_225038	-	-	-	-
0x225310	0x8	sub_225310	-	-	-	-
0x225318	0x108	sub_225318	-	-	-	-
0x225420	0x104	sub_225420	DEFN	menu:InitOrbAngles	-	-
0x225528	0x7c	sub_225528	-	-	-	-
0x2255a8	0x7c	sub_2255A8	-	-	-	-
0x225628	0x250	sub_225628	DEFN	menuconfig:CarouselClock,menu:-	-	-
0x225878	0x100	sub_225878	-	-	-	-
0x225978	0x1c	sub_225978	-	-	-	-
0x225998	0x138	sub_225998	DEFN	menu:InitOrbPhases	-	-
0x225ad0	0x94	sub_225AD0	DEFN	menuconfig:CarouselOpen,menuconfig:-	-	-
0x225b68	0x8c	sub_225B68	-	-	-	-
0x225bf8	0xf4	sub_225BF8	DEFN	menuconfig:MenuConfigCarousel,menu:-	-	-
0x225cf0	0x28	sub_225CF0	DEFN	menu:SceneReset	-	-
0x225d18	0x28	sub_225D18	DEFN	menu:SceneDepth	-	-
0x225d40	0x98	(ida-missed)	DEFN	menu:SceneInsert	-	-
0x225dd8	0xf4	sub_225DD8	REF	menu:-	-	-
0x225ed0	0xb0	sub_225ED0	DEFN	menu:SceneAddOrb	-	-
0x225f80	0xa8	sub_225F80	DEFN	menuconfig:CarouselMatrix	-	-
0x226028	0x18c	sub_226028	DEFN	menuconfig:MenuConfigEmit,menu:-	-	-
0x2261b8	0x1a8	sub_2261B8	-	-	-	-
0x226360	0x380	sub_226360	DEFN	menu:DrawOrbRecord	-	-
0x2266e0	0x1c	sub_2266E0	REF	menu:-,menuconfig:-	-	-
0x226700	0x68	sub_226700	DEFN	menu:SceneWalk	-	-
0x226768	0x7c	sub_226768	-	-	-	-
0x2267e8	0x108	sub_2267E8	REF	menu:-	-	-
0x2268f0	0x58	sub_2268F0	DEFN	menuconfig:MenuConfigCarouselActive,menu:-	-	-
0x226948	0x8	sub_226948	-	-	Y	getPageIndex,getTransitionPhase
0x226950	0x2c	sub_226950	-	-	-	-
0x226980	0x70	sub_226980	-	-	-	-
0x2269f0	0x54	sub_2269F0	-	-	-	-
0x226a48	0x14	sub_226A48	-	-	Y	isSysCfgOpen,screenIsOne
0x226a60	0xc4	sub_226A60	DEFN	menuconfig:MenuConfigAlpha,menutext:-	-	-
0x226b28	0x44	sub_226B28	REF	menuconfig:-	-	-
0x226b70	0x44	sub_226B70	-	-	-	-
0x226bb8	0x13c	sub_226BB8	DEFN	menuconfig:MenuConfigCubeState,menutext:-,menutext:-,menutext:-	-	-
0x226cf8	0x8	sub_226CF8	-	-	-	-
0x226d00	0x2a4	sub_226D00	-	-	-	-
0x226fa8	0x28	sub_226FA8	REF	menu:-,menuconfig:-	-	-
0x226fd0	0x58	sub_226FD0	-	-	-	-
0x227028	0x68	sub_227028	-	-	-	-
0x227090	0x70	sub_227090	-	-	-	-
0x227100	0x94	sub_227100	-	-	-	-
0x227198	0x20	sub_227198	-	-	-	-
0x2271b8	0xac	sub_2271B8	REF	menutext:-	-	-
0x227268	0x88	sub_227268	REF	menu:-,menuconfig:-	-	-
0x2272f0	0x44	sub_2272F0	-	-	-	-
0x227338	0x58	sub_227338	-	-	-	-
0x227390	0x1d0	sub_227390	REF	menutext:-,menutext:-,menutext:-	-	-
0x227560	0x458	sub_227560	REF	menutext:-,menutext:-,menutext:-,menutext:-,menutext:-	-	-
0x2279b8	0x230	(ida-missed)	REF	menutext:-,menutext:-	-	-
0x227be8	0x120	(ida-missed)	-	-	-	-
0x227d08	0xe0	sub_227D08	REF	menutext:-	-	-
0x227de8	0x30	sub_227DE8	DEFN	menuconfig:MenuConfigStep,menu:-,menutext:-	-	-
0x227e18	0xf0	sub_227E18	REF	menutext:-,menutext:-	-	-
0x227f08	0x44	sub_227F08	-	-	-	-
0x227f50	0x6c	sub_227F50	-	-	-	-
0x227fc0	0x8c	sub_227FC0	DEFN	menuconfig:MenuConfigOpen	-	-
0x228050	0xc0	sub_228050	DEFN	menutext:MainMenuStep	-	-
0x228110	0x164	sub_228110	DEFN	menutext:DrawMainMenu,menutext:-,menutext:-	-	-
0x228278	0x124	sub_228278	REF	menutext:-	-	-
0x2283a0	0x30	sub_2283A0	DEFN	menutext:MenuTextFrame	-	-
0x2283d0	0x20	sub_2283D0	REF	menu:-,menuback:-	Y	screenPageTick
0x2283f0	0x6c	sub_2283F0	REF	menu:-	-	-
0x228460	0x160	sub_228460	REF	menuconfig:-,menuconfig:-,menuconfig:-,menutext:-	-	-
0x2285c0	0x9c	sub_2285C0	REF	menuconfig:-	-	-
0x228660	0xa8	sub_228660	REF	menutext:-	-	-
0x228708	0x9c	sub_228708	DEFN	menutext:ConfigMenuWidest,menutext:-	-	-
0x2287a8	0x8	sub_2287A8	-	-	-	-
0x2287b0	0x20	sub_2287B0	-	-	Y	initBgTimer
0x2287d0	0x10	sub_2287D0	REF	menuback:-	Y	tickFrameCounter
0x2287e0	0x58	sub_2287E0	REF	menuback:-	-	-
0x228838	0x60	sub_228838	REF	menuback:-	-	-
0x228898	0x24	sub_228898	REF	menuback:-	-	-
0x2288c0	0x5b4	sub_2288C0	-	-	-	-
0x228e78	0x2b4	sub_228E78	REF	menuback:-	-	-
0x229130	0xb8	sub_229130	DEFN	menuback:DrawKabeRibbon	-	-
0x2291e8	0x44	sub_2291E8	REF	menuback:-,menuconfig:-	Y	bgTimerOpen
0x229230	0x44	sub_229230	-	-	Y	bgTimerClose
0x229278	0x54	sub_229278	-	-	Y	bgFadeUpdate
0x2292d0	0x84	sub_2292D0	DEFN	menuback:DrawKabe	-	-
0x229358	0x88	sub_229358	REF	menuback:-	-	-
0x2293e0	0xd4	sub_2293E0	-	-	-	-
0x2294b8	0x1e0	sub_2294B8	-	-	-	-
0x229698	0xb8	TEXTURES_229698	REF	menu:-	Y	initTexC
0x229750	0x50	setTexCOffset_8b	-	-	Y	setTexCOffset
0x2297a0	0x18	getTexC	-	-	Y	getTexC
0x2297b8	0x18	getTexCOffset	-	-	Y	getTexCOffset
0x2297d0	0x18	sub_2297D0	-	-	Y	gsVramAlloc
0x2297e8	0xc0	sub_2297E8	-	-	-	-
0x2298a8	0x114	sub_2298A8	-	-	-	-
0x2299c0	0x58	sub_2299C0	DEFN	menutext:osdFlatRect,menuback:-	Y	drawSprite
0x229a18	0x30	sub_229A18	-	-	-	-
0x229a48	0x24	sub_229A48	-	-	-	-
0x229a70	0x34	sub_229A70	-	-	-	-
0x229aa8	0x8c	sub_229AA8	-	-	-	-
0x229b38	0x8c	sub_229B38	-	-	-	-
0x229bc8	0x64	sub_229BC8	-	-	-	-
0x229c30	0x64	sub_229C30	-	-	-	-
0x229c98	0x398	sub_229C98	-	-	-	-
0x22a030	0x90	sub_22A030	-	-	-	-
0x22a0c0	0xd4	sub_22A0C0	REF	menu:-,menuback:-,menuback:-,menuback:-,menuback:-,menuback:-,menuback:-,menuconfig:-,menuconfig:-,menuconfig:-,menuconfig:-,menuconfig:-,menuconfig:-,menuconfig:-,menuconfig:-,menuconfig:-,menuconfig:-,menuconfig:-,menuconfig:-,menuconfig:-,menutext:-,menutext:-	-	-
0x22a198	0xf4	sub_22A198	REF	menuback:-,menuback:-,menuconfig:-	-	-
0x22a290	0x128	sub_22A290	REF	menuback:-,menuback:-	-	-
0x22a3b8	0x110	sub_22A3B8	REF	menutext:-,menutext:-	-	-
0x22a4c8	0x210	sub_22A4C8	REF	menuback:-,menuback:-,menuback:-,menuconfig:-	-	-
0x22a6d8	0x2e0	sub_22A6D8	-	-	-	-
0x22a9b8	0xd0	sub_22A9B8	REF	menuconfig:-	-	-
0x22aa88	0x104	(ida-missed)	-	-	-	-
0x22ab90	0x7c	sub_22AB90	REF	menu:-,menuback:-,menuconfig:-,menuconfig:-,menuconfig:-,menuconfig:-,menuconfig:-,menutext:-	-	-
0x22ac10	0x8	sub_22AC10	-	-	Y	timerGetDuration
0x22ac18	0x8	sub_22AC18	-	-	Y	anmTimer,timerGetCount
0x22ac20	0x24	sub_22AC20	DEFN	menu:TimerInterp,menuback:BackTimerInterp,menutext:mtScale	Y	anmScaled,timerScale
0x22ac48	0x10	sub_22AC48	DEFN	menutext:mtIsState	Y	anmIsState,timerIsState
0x22ac58	0x8	sub_22AC58	-	-	Y	anmDirty,timerGetEdge
0x22ac60	0x10	sub_22AC60	-	-	Y	anmReset,timerReset
0x22ac70	0x20	sub_22AC70	DEFN	menu:TimerOpen,menuconfig:cfgOpen,menutext:mtOpen	Y	anmFadeIn,timerOpen
0x22ac90	0x30	sub_22AC90	DEFN	menuconfig:cfgClose,menutext:mtClose	Y	anmFadeOut,timerClose
0x22acc0	0x64	sub_22ACC0	DEFN	menu:TimerStep,menuback:BackTimerStep,menuconfig:cfgStep,menutext:mtStep	Y	anmTick,timerStep
0x22ad28	0x8	sub_22AD28	-	-	Y	getFadeAlpha,getFadeCount
0x22ad30	0x8	sub_22AD30	-	-	Y	getFadeMode,getFadeState
0x22ad38	0x9c	sub_22AD38	-	-	-	-
0x22add8	0xa8	sub_22ADD8	DEFN	menu:FadeArm	-	-
0x22ae80	0x44	sub_22AE80	-	-	Y	transTimerOpen
0x22aec8	0x44	sub_22AEC8	-	-	Y	transTimerClose
0x22af10	0xa4	sub_22AF10	-	-	-	-
0x22afb8	0x68	sub_22AFB8	DEFN	menu:DrawFadeCurtain	Y	drawFadeCurtain
0x22b020	0x38	sub_22B020	-	-	Y	transStep
0x22b058	0x90	sub_22B058	-	-	Y	fadeStep
0x22b0e8	0x14	sub_22B0E8	-	-	Y	uiModelField,getUiModel
0x22b100	0x8	sub_22B100	-	-	Y	modelFreeze
0x22b108	0x10	sub_22B108	-	-	Y	modelInvalidate
0x22b118	0xc	sub_22B118	-	-	Y	modelThaw
0x22b128	0xc	sub_22B128	-	-	Y	modelReload,reloadUiModel
0x22b138	0x138	sub_22B138	-	-	-	-
0x22b270	0x38	sub_22B270	-	-	-	-
0x22b2a8	0x14c	sub_22B2A8	-	-	-	-
0x22b3f8	0xf4	sub_22B3F8	-	-	-	-
0x22b4f0	0x90	(ida-missed)	-	-	-	-
0x22b588	0x8	sub_22B588	-	-	-	-
0x22b590	0x58	sub_22B590	-	-	-	-
0x22b5e8	0x58	sub_22B5E8	-	-	-	-
0x22b640	0x6c	sub_22B640	-	-	-	-
0x22b6b0	0x6c	sub_22B6B0	-	-	-	-
0x22b720	0x6c	sub_22B720	-	-	-	-
0x22b790	0xc	sub_22B790	-	-	-	-
0x22b7a0	0xc	sub_22B7A0	-	-	-	-
0x22b7b0	0xc	sub_22B7B0	-	-	-	-
0x22b7c0	0x78	sub_22B7C0	-	-	-	-
0x22b838	0xac	sub_22B838	-	-	-	-
0x22b8e8	0x64	sub_22B8E8	-	-	-	-
0x22b950	0xc	sub_22B950	-	-	-	-
0x22b960	0x8	sub_22B960	-	-	-	-
0x22b968	0x128	sub_22B968	-	-	-	-
0x22ba90	0xa0	sub_22BA90	-	-	-	-
0x22bb30	0x2e8	sub_22BB30	DEFN	menu:ClockTick	-	-
0x22be18	0x14	sub_22BE18	-	-	Y	clearPadState
0x22be30	0x128	sub_22BE30	-	-	-	-
0x22bf58	0x74	sub_22BF58	REF	menuback:-,menuback:-,menuconfig:-	-	-
0x22bfd0	0x50	sub_22BFD0	REF	menuback:-,menuback:-,menuconfig:-,menuconfig:-,menuconfig:-,menuconfig:-,menuconfig:-,menuconfig:-,menuconfig:-	-	-
0x22c020	0x68	sub_22C020	REF	menuback:-,menuconfig:-,menuconfig:-	-	-
0x22c088	0x78	sub_22C088	REF	menuback:-	-	-
0x22c100	0x8c	sub_22C100	REF	menuback:-,menuconfig:-	-	-
0x22c190	0x94	sub_22C190	REF	menuback:-	Y	drawFullScreenBlit
0x22c228	0x78	(ida-missed)	-	-	-	-
0x22c2a0	0x120	sub_22C2A0	REF	menuback:-,menuconfig:-	-	-
0x22c3c0	0x120	sub_22C3C0	REF	menuback:-	-	-
0x22c4e0	0x3a8	sub_22C4E0	-	-	-	-
0x22c888	0x98	sub_22C888	DEFN	menuconfig:MeshFresnel	-	-
0x22c920	0x148	sub_22C920	REF	menuconfig:-	-	-
0x22ca68	0xf0	sub_22CA68	REF	menuconfig:-	-	-
0x22cb58	0x190	sub_22CB58	REF	menuconfig:-	-	-
0x22cce8	0x8c	sub_22CCE8	-	-	-	-
0x22cd78	0x230	sub_22CD78	REF	menuconfig:-	-	-
0x22cfa8	0x2f0	sub_22CFA8	REF	menu:-,menuconfig:-	-	-
0x22d298	0x50	sub_22D298	-	-	-	-
0x22d2e8	0x4ac	sub_22D2E8	REF	menuconfig:-,menuconfig:-	-	-
0x22d798	0x184	sub_22D798	REF	menuconfig:-	-	-
0x22d920	0xb04	sub_22D920	REF	menuconfig:-,menuconfig:-	-	-
0x22e428	0x838	sub_22E428	-	-	-	-
0x22ec60	0xb0	sub_22EC60	REF	menuconfig:-	-	-
0x22ed10	0xc	sub_22ED10	-	-	-	-
0x22ed20	0xe0	sub_22ED20	REF	menu:-	-	-
0x22ee00	0x88	sendDma	-	-	-	-
0x22ee88	0xc	sub_22EE88	-	-	-	-
0x22ee98	0x98	sub_22EE98	REF	menu:-	-	-
0x22ef30	0x5c	sub_22EF30	-	-	-	-
0x22ef90	0x5c	sub_22EF90	-	-	-	-
0x22eff0	0xe94	sub_22EFF0	REF	menu:-	-	-
0x22fe88	0x34	sub_22FE88	REF	menu:-	-	-
0x22fec0	0xac	sub_22FEC0	DEFN	menu:PushTrail	-	-
0x22ff70	0xa8	sub_22FF70	-	-	-	-
